{"models": [{"model_name": "test1", "features": ["X1 transaction date", "X2 house age", "X3 distance to the nearest MRT station", "X4 number of convenience stores", "X5 latitude", "X6 longitude"], "coefficients": [4.839261007664425, -0.27474912032128823, -0.004188608181846409, 1.1812311242815945, 242.3843170018307, 23.399134873286478], "y_test": [19.2, 11.2, 24.7, 46.1, 31.3, 31.1, 30.5, 42.2, 51.0, 39.1, 40.0, 23.0, 43.1, 30.6, 53.3, 47.1, 43.5, 44.0, 39.5, 47.7, 50.2, 63.9, 53.3, 60.7, 30.6, 47.7, 34.6, 48.0, 48.2, 43.2, 43.2, 40.5, 36.3, 38.4, 36.7, 17.4, 39.0, 28.9, 18.8, 49.8, 23.1, 48.5, 19.1, 57.8, 34.1, 44.0, 39.6, 30.7, 40.2, 36.5, 40.6, 28.5, 43.8, 25.3, 36.8, 45.9, 42.5, 26.5, 38.2, 37.4, 42.9, 43.5, 38.9, 41.9, 44.9, 40.6, 20.7, 43.1, 25.6, 31.1, 44.3, 47.1, 29.3, 31.7, 14.7, 36.3, 29.4, 43.4, 44.3, 13.4, 42.3, 50.5, 40.1, 23.8, 55.9, 20.7, 28.4, 34.2, 37.4, 13.0, 53.5, 28.8, 34.1, 12.8, 27.0, 23.5, 22.0, 42.1, 24.7, 37.4, 42.0, 25.7, 35.3, 42.6, 45.1, 41.2, 24.8, 23.8, 25.3, 42.5, 46.2, 51.8, 58.8, 22.1, 54.4, 39.3, 35.6, 41.2, 37.9, 37.5, 70.1, 25.0, 22.9, 18.2, 38.8], "predictions": [12.638303830142831, 10.030446101496636, 22.988073754266225, 48.50264836676797, 32.67140450939041, 37.8257266930741, 36.09178068053734, 41.0595363894754, 47.848307930486044, 40.45747460131679, 45.03616030428384, 32.86533457083715, 40.48623576112004, 36.48827849429654, 44.30595729326524, 46.59668235015124, 38.42798243710422, 44.263073372836516, 48.81959722989632, 45.50409246415802, 42.23260832658707, 54.652639701736916, 48.073732982578804, 37.48194231000525, 33.57091525111173, 48.262931537552504, 40.23479801113717, 50.42675436611535, 47.223334229158354, 38.994585173393716, 48.11033138901985, 40.470356036348676, 45.610603078814165, 43.98441527927571, 46.5433609195461, 8.187258859092253, 38.08375879243249, 39.8260817087139, 8.533967698669585, 55.727402134190925, 32.179509390211024, 49.72698263818165, 24.85604948240143, 47.64473233390163, 41.230268713025, 51.177031753704796, 42.04716291555815, 37.32689765161922, 44.24427855969407, 36.27028988202801, 47.554084505231, 34.74054504362721, 43.53329365626996, 15.955862146591244, 38.290012217345065, 48.939123846579605, 44.6979047091736, 44.91934627360024, 45.33972278096189, 41.33035787453264, 34.39899172988589, 44.02303163633405, 41.9994052158072, 43.955315296952904, 53.61420366419043, 44.249943610797345, 24.6892660303929, 47.06140631020753, 31.220315335380292, 40.49306349942708, 43.122205561201554, 48.76235412445749, 15.608554538179305, 35.80561433909679, 12.763700209266972, 42.893086111304, 34.43839964869039, 45.97342109619058, 44.192816096623574, 12.073656601380208, 47.42677323232783, 38.74415931562544, 43.93495231990528, 26.955536665696854, 52.50729872250304, 15.98006429153611, 36.58145675433843, 30.874066563173983, 37.395823229169764, 12.930365360938595, 46.20144020202133, 33.24253849820525, 43.07876463599314, 24.180559257554705, 32.07914770348361, 31.94846604981285, 24.19775375810059, 44.75789539853213, 30.271243053706712, 37.58752050184921, 46.277844890297274, 29.811686505156104, 38.760386935704446, 39.440633571306535, 48.408088134885475, 28.848846651730128, 26.985225185482705, 31.25467948001824, 33.80668811904616, 40.09617228474235, 46.69344250263384, 44.737622043488955, 49.07685066311751, 34.57896750188229, 45.82241718940713, 41.27851262463082, 42.760389603470685, 47.441810005839216, 40.32886601773498, 45.49424119825926, 51.625078315228166, 41.314541446256044, 30.378573215733923, 16.00753920356874, 35.304734590848966], "MSE": 46.21179783492909, "MAE": 5.392293684756193}, {"model_name": "test2", "features": ["X3 distance to the nearest MRT station", "X4 number of convenience stores", "X5 latitude"], "coefficients": [-0.00478067556696915, 0.9793264602796989, 226.0670048507528], "y_test": [19.2, 11.2, 24.7, 46.1, 31.3, 31.1, 30.5, 42.2, 51.0, 39.1, 40.0, 23.0, 43.1, 30.6, 53.3, 47.1, 43.5, 44.0, 39.5, 47.7, 50.2, 63.9, 53.3, 60.7, 30.6, 47.7, 34.6, 48.0, 48.2, 43.2, 43.2, 40.5, 36.3, 38.4, 36.7, 17.4, 39.0, 28.9, 18.8, 49.8, 23.1, 48.5, 19.1, 57.8, 34.1, 44.0, 39.6, 30.7, 40.2, 36.5, 40.6, 28.5, 43.8, 25.3, 36.8, 45.9, 42.5, 26.5, 38.2, 37.4, 42.9, 43.5, 38.9, 41.9, 44.9, 40.6, 20.7, 43.1, 25.6, 31.1, 44.3, 47.1, 29.3, 31.7, 14.7, 36.3, 29.4, 43.4, 44.3, 13.4, 42.3, 50.5, 40.1, 23.8, 55.9, 20.7, 28.4, 34.2, 37.4, 13.0, 53.5, 28.8, 34.1, 12.8, 27.0, 23.5, 22.0, 42.1, 24.7, 37.4, 42.0, 25.7, 35.3, 42.6, 45.1, 41.2, 24.8, 23.8, 25.3, 42.5, 46.2, 51.8, 58.8, 22.1, 54.4, 39.3, 35.6, 41.2, 37.9, 37.5, 70.1, 25.0, 22.9, 18.2, 38.8, 23.7, 16.7, 41.0, 60.7, 37.7, 25.7, 43.9, 40.1, 49.0, 59.0, 21.4, 33.4, 45.4, 78.0, 40.3, 29.8, 57.4, 20.9, 41.4, 21.3, 24.5, 15.6, 28.8, 42.2, 18.3, 42.8, 48.1, 29.5, 30.1, 55.0, 30.8, 57.1, 23.2, 39.4, 14.4, 56.3, 49.3, 44.5, 54.4, 35.5, 50.0],